{
    "project_name":       "humiture_project",
    "project_path":       "C:/Users/Korisnik/esp/esp-idf/esp-rainmaker/examples/humiture_app",
    "build_dir":          "C:/Users/Korisnik/esp/esp-idf/esp-rainmaker/examples/humiture_app/build",
    "config_file":        "C:/Users/Korisnik/esp/esp-idf/esp-rainmaker/examples/humiture_app/sdkconfig",
    "config_defaults":    "C:/Users/Korisnik/esp/esp-idf/esp-rainmaker/examples/humiture_app/sdkconfig.defaults",
    "bootloader_elf":     "C:/Users/Korisnik/esp/esp-idf/esp-rainmaker/examples/humiture_app/build/bootloader/bootloader.elf",
    "app_elf":            "humiture_project.elf",
    "app_bin":            "humiture_project.bin",
    "git_revision":       "v5.0.2",
    "target":             "esp32c3",
    "rev":                "",
    "min_rev":            "3",
    "max_rev":            "99",
    "phy_data_partition": "",
    "monitor_baud" :      "115200",
    "monitor_toolprefix": "riscv32-esp-elf-",
    "config_environment" : {
        "COMPONENT_KCONFIGS" : "C:/Users/Korisnik/esp/esp-idf/components/app_trace/Kconfig;C:/Users/Korisnik/esp/esp-idf/components/bt/Kconfig;C:/Users/Korisnik/esp/esp-idf/components/driver/Kconfig;C:/Users/Korisnik/esp/esp-idf/components/efuse/Kconfig;C:/Users/Korisnik/esp/esp-idf/components/esp-tls/Kconfig;C:/Users/Korisnik/esp/esp-idf/components/esp_adc/Kconfig;C:/Users/Korisnik/esp/esp-idf/components/esp_common/Kconfig;C:/Users/Korisnik/esp/esp-idf/components/esp_eth/Kconfig;C:/Users/Korisnik/esp/esp-idf/components/esp_event/Kconfig;C:/Users/Korisnik/esp/esp-idf/components/esp_gdbstub/Kconfig;C:/Users/Korisnik/esp/esp-idf/components/esp_http_client/Kconfig;C:/Users/Korisnik/esp/esp-idf/components/esp_http_server/Kconfig;C:/Users/Korisnik/esp/esp-idf/components/esp_https_ota/Kconfig;C:/Users/Korisnik/esp/esp-idf/components/esp_https_server/Kconfig;C:/Users/Korisnik/esp/esp-idf/components/esp_hw_support/Kconfig;C:/Users/Korisnik/esp/esp-idf/components/esp_lcd/Kconfig;C:/Users/Korisnik/esp/esp-idf/components/esp_netif/Kconfig;C:/Users/Korisnik/esp/esp-idf/components/esp_phy/Kconfig;C:/Users/Korisnik/esp/esp-idf/components/esp_pm/Kconfig;C:/Users/Korisnik/esp/esp-idf/components/esp_psram/Kconfig;C:/Users/Korisnik/esp/esp-idf/components/esp_ringbuf/Kconfig;C:/Users/Korisnik/esp/esp-idf/components/esp_system/Kconfig;C:/Users/Korisnik/esp/esp-idf/components/esp_timer/Kconfig;C:/Users/Korisnik/esp/esp-idf/components/esp_wifi/Kconfig;C:/Users/Korisnik/esp/esp-idf/components/espcoredump/Kconfig;C:/Users/Korisnik/esp/esp-idf/components/fatfs/Kconfig;C:/Users/Korisnik/esp/esp-idf/components/freertos/Kconfig;C:/Users/Korisnik/esp/esp-idf/components/hal/Kconfig;C:/Users/Korisnik/esp/esp-idf/components/heap/Kconfig;C:/Users/Korisnik/esp/esp-idf/components/ieee802154/Kconfig;C:/Users/Korisnik/esp/esp-idf/components/log/Kconfig;C:/Users/Korisnik/esp/esp-idf/components/lwip/Kconfig;C:/Users/Korisnik/esp/esp-idf/components/mbedtls/Kconfig;C:/Users/Korisnik/esp/esp-idf/components/mqtt/Kconfig;C:/Users/Korisnik/esp/esp-idf/components/newlib/Kconfig;C:/Users/Korisnik/esp/esp-idf/components/nvs_flash/Kconfig;C:/Users/Korisnik/esp/esp-idf/components/openthread/Kconfig;C:/Users/Korisnik/esp/esp-idf/components/protocomm/Kconfig;C:/Users/Korisnik/esp/esp-idf/components/pthread/Kconfig;C:/Users/Korisnik/esp/esp-idf/components/soc/Kconfig;C:/Users/Korisnik/esp/esp-idf/components/spi_flash/Kconfig;C:/Users/Korisnik/esp/esp-idf/components/spiffs/Kconfig;C:/Users/Korisnik/esp/esp-idf/components/tcp_transport/Kconfig;C:/Users/Korisnik/esp/esp-idf/components/ulp/Kconfig;C:/Users/Korisnik/esp/esp-idf/components/unity/Kconfig;C:/Users/Korisnik/esp/esp-idf/components/usb/Kconfig;C:/Users/Korisnik/esp/esp-idf/components/vfs/Kconfig;C:/Users/Korisnik/esp/esp-idf/components/wear_levelling/Kconfig;C:/Users/Korisnik/esp/esp-idf/components/wifi_provisioning/Kconfig;C:/Users/Korisnik/esp/esp-idf/components/wpa_supplicant/Kconfig;C:/Users/Korisnik/esp/esp-idf/esp-rainmaker/components/esp-insights/components/esp_diagnostics/Kconfig;C:/Users/Korisnik/esp/esp-idf/esp-rainmaker/components/esp-insights/components/esp_insights/Kconfig;C:/Users/Korisnik/esp/esp-idf/esp-rainmaker/components/rmaker_common/Kconfig;C:/Users/Korisnik/esp/esp-idf/esp-rainmaker/components/esp-insights/components/rtc_store/Kconfig;C:/Users/Korisnik/esp/esp-idf/esp-rainmaker/components/gpio_button/Kconfig;C:/Users/Korisnik/esp/esp-idf/esp-rainmaker/components/ws2812_led/Kconfig;C:/Users/Korisnik/esp/esp-idf/esp-rainmaker/examples/common/app_insights/Kconfig;C:/Users/Korisnik/esp/esp-idf/esp-rainmaker/examples/humiture_app/managed_components/espressif__esp_secure_cert_mgr/Kconfig;C:/Users/Korisnik/esp/esp-idf/esp-rainmaker/examples/humiture_app/managed_components/espressif__mdns/Kconfig",
        "COMPONENT_KCONFIGS_PROJBUILD" : "C:/Users/Korisnik/esp/esp-idf/components/bootloader/Kconfig.projbuild;C:/Users/Korisnik/esp/esp-idf/components/esp_app_format/Kconfig.projbuild;C:/Users/Korisnik/esp/esp-idf/components/esp_rom/Kconfig.projbuild;C:/Users/Korisnik/esp/esp-idf/components/esptool_py/Kconfig.projbuild;C:/Users/Korisnik/esp/esp-idf/components/partition_table/Kconfig.projbuild;C:/Users/Korisnik/esp/esp-idf/esp-rainmaker/examples/humiture_app/main/Kconfig.projbuild;C:/Users/Korisnik/esp/esp-idf/esp-rainmaker/components/esp_rainmaker/Kconfig.projbuild;C:/Users/Korisnik/esp/esp-idf/esp-rainmaker/examples/common/app_wifi/Kconfig.projbuild"
    },
    "build_components" : [ "app_insights", "app_reset", "app_trace", "app_update", "app_wifi", "bootloader", "bootloader_support", "bt", "cbor", "cmock", "console", "cxx", "driver", "efuse", "esp-tls", "esp_adc", "esp_app_format", "esp_common", "esp_diagnostics", "esp_eth", "esp_event", "esp_gdbstub", "esp_hid", "esp_http_client", "esp_http_server", "esp_https_ota", "esp_https_server", "esp_hw_support", "esp_insights", "esp_lcd", "esp_local_ctrl", "esp_netif", "esp_partition", "esp_phy", "esp_pm", "esp_psram", "esp_rainmaker", "esp_ringbuf", "esp_rom", "esp_schedule", "esp_system", "esp_timer", "esp_wifi", "espcoredump", "espressif__esp_secure_cert_mgr", "espressif__mdns", "esptool_py", "fatfs", "freertos", "gpio_button", "hal", "heap", "http_parser", "idf_test", "ieee802154", "json", "json_generator", "json_parser", "log", "lwip", "main", "mbedtls", "mqtt", "newlib", "nvs_flash", "openthread", "partition_table", "protobuf-c", "protocomm", "pthread", "qrcode", "riscv", "rmaker_common", "rtc_store", "sdmmc", "soc", "spi_flash", "spiffs", "tcp_transport", "ulp", "unity", "usb", "vfs", "wear_levelling", "wifi_provisioning", "wpa_supplicant", "ws2812_led", "" ],
    "build_component_paths" : [ "C:/Users/Korisnik/esp/esp-idf/esp-rainmaker/examples/common/app_insights", "C:/Users/Korisnik/esp/esp-idf/esp-rainmaker/examples/common/app_reset", "C:/Users/Korisnik/esp/esp-idf/components/app_trace", "C:/Users/Korisnik/esp/esp-idf/components/app_update", "C:/Users/Korisnik/esp/esp-idf/esp-rainmaker/examples/common/app_wifi", "C:/Users/Korisnik/esp/esp-idf/components/bootloader", "C:/Users/Korisnik/esp/esp-idf/components/bootloader_support", "C:/Users/Korisnik/esp/esp-idf/components/bt", "C:/Users/Korisnik/esp/esp-idf/esp-rainmaker/components/esp-insights/components/cbor", "C:/Users/Korisnik/esp/esp-idf/components/cmock", "C:/Users/Korisnik/esp/esp-idf/components/console", "C:/Users/Korisnik/esp/esp-idf/components/cxx", "C:/Users/Korisnik/esp/esp-idf/components/driver", "C:/Users/Korisnik/esp/esp-idf/components/efuse", "C:/Users/Korisnik/esp/esp-idf/components/esp-tls", "C:/Users/Korisnik/esp/esp-idf/components/esp_adc", "C:/Users/Korisnik/esp/esp-idf/components/esp_app_format", "C:/Users/Korisnik/esp/esp-idf/components/esp_common", "C:/Users/Korisnik/esp/esp-idf/esp-rainmaker/components/esp-insights/components/esp_diagnostics", "C:/Users/Korisnik/esp/esp-idf/components/esp_eth", "C:/Users/Korisnik/esp/esp-idf/components/esp_event", "C:/Users/Korisnik/esp/esp-idf/components/esp_gdbstub", "C:/Users/Korisnik/esp/esp-idf/components/esp_hid", "C:/Users/Korisnik/esp/esp-idf/components/esp_http_client", "C:/Users/Korisnik/esp/esp-idf/components/esp_http_server", "C:/Users/Korisnik/esp/esp-idf/components/esp_https_ota", "C:/Users/Korisnik/esp/esp-idf/components/esp_https_server", "C:/Users/Korisnik/esp/esp-idf/components/esp_hw_support", "C:/Users/Korisnik/esp/esp-idf/esp-rainmaker/components/esp-insights/components/esp_insights", "C:/Users/Korisnik/esp/esp-idf/components/esp_lcd", "C:/Users/Korisnik/esp/esp-idf/components/esp_local_ctrl", "C:/Users/Korisnik/esp/esp-idf/components/esp_netif", "C:/Users/Korisnik/esp/esp-idf/components/esp_partition", "C:/Users/Korisnik/esp/esp-idf/components/esp_phy", "C:/Users/Korisnik/esp/esp-idf/components/esp_pm", "C:/Users/Korisnik/esp/esp-idf/components/esp_psram", "C:/Users/Korisnik/esp/esp-idf/esp-rainmaker/components/esp_rainmaker", "C:/Users/Korisnik/esp/esp-idf/components/esp_ringbuf", "C:/Users/Korisnik/esp/esp-idf/components/esp_rom", "C:/Users/Korisnik/esp/esp-idf/esp-rainmaker/components/esp_schedule", "C:/Users/Korisnik/esp/esp-idf/components/esp_system", "C:/Users/Korisnik/esp/esp-idf/components/esp_timer", "C:/Users/Korisnik/esp/esp-idf/components/esp_wifi", "C:/Users/Korisnik/esp/esp-idf/components/espcoredump", "C:/Users/Korisnik/esp/esp-idf/esp-rainmaker/examples/humiture_app/managed_components/espressif__esp_secure_cert_mgr", "C:/Users/Korisnik/esp/esp-idf/esp-rainmaker/examples/humiture_app/managed_components/espressif__mdns", "C:/Users/Korisnik/esp/esp-idf/components/esptool_py", "C:/Users/Korisnik/esp/esp-idf/components/fatfs", "C:/Users/Korisnik/esp/esp-idf/components/freertos", "C:/Users/Korisnik/esp/esp-idf/esp-rainmaker/components/gpio_button", "C:/Users/Korisnik/esp/esp-idf/components/hal", "C:/Users/Korisnik/esp/esp-idf/components/heap", "C:/Users/Korisnik/esp/esp-idf/components/http_parser", "C:/Users/Korisnik/esp/esp-idf/components/idf_test", "C:/Users/Korisnik/esp/esp-idf/components/ieee802154", "C:/Users/Korisnik/esp/esp-idf/components/json", "C:/Users/Korisnik/esp/esp-idf/esp-rainmaker/components/json_generator", "C:/Users/Korisnik/esp/esp-idf/esp-rainmaker/components/json_parser", "C:/Users/Korisnik/esp/esp-idf/components/log", "C:/Users/Korisnik/esp/esp-idf/components/lwip", "C:/Users/Korisnik/esp/esp-idf/esp-rainmaker/examples/humiture_app/main", "C:/Users/Korisnik/esp/esp-idf/components/mbedtls", "C:/Users/Korisnik/esp/esp-idf/components/mqtt", "C:/Users/Korisnik/esp/esp-idf/components/newlib", "C:/Users/Korisnik/esp/esp-idf/components/nvs_flash", "C:/Users/Korisnik/esp/esp-idf/components/openthread", "C:/Users/Korisnik/esp/esp-idf/components/partition_table", "C:/Users/Korisnik/esp/esp-idf/components/protobuf-c", "C:/Users/Korisnik/esp/esp-idf/components/protocomm", "C:/Users/Korisnik/esp/esp-idf/components/pthread", "C:/Users/Korisnik/esp/esp-idf/esp-rainmaker/components/qrcode", "C:/Users/Korisnik/esp/esp-idf/components/riscv", "C:/Users/Korisnik/esp/esp-idf/esp-rainmaker/components/rmaker_common", "C:/Users/Korisnik/esp/esp-idf/esp-rainmaker/components/esp-insights/components/rtc_store", "C:/Users/Korisnik/esp/esp-idf/components/sdmmc", "C:/Users/Korisnik/esp/esp-idf/components/soc", "C:/Users/Korisnik/esp/esp-idf/components/spi_flash", "C:/Users/Korisnik/esp/esp-idf/components/spiffs", "C:/Users/Korisnik/esp/esp-idf/components/tcp_transport", "C:/Users/Korisnik/esp/esp-idf/components/ulp", "C:/Users/Korisnik/esp/esp-idf/components/unity", "C:/Users/Korisnik/esp/esp-idf/components/usb", "C:/Users/Korisnik/esp/esp-idf/components/vfs", "C:/Users/Korisnik/esp/esp-idf/components/wear_levelling", "C:/Users/Korisnik/esp/esp-idf/components/wifi_provisioning", "C:/Users/Korisnik/esp/esp-idf/components/wpa_supplicant", "C:/Users/Korisnik/esp/esp-idf/esp-rainmaker/components/ws2812_led", "" ],
    "debug_prefix_map_gdbinit": ""
}
