{
    "esp-idf": {
        "HEAD": "v5.0.2",
        "submodules": [
            {
                "name": "components/bootloader/subproject/components/micro-ecc/micro-ecc",
                "version": "v1.0"
            },
            {
                "name": "components/bt/controller/lib_esp32",
                "version": "f18eabd"
            },
            {
                "name": "components/bt/controller/lib_esp32c2/esp32c2-bt-lib",
                "version": "10a3ea9"
            },
            {
                "name": "components/bt/controller/lib_esp32c3_family",
                "version": "bba9af9"
            },
            {
                "name": "components/bt/controller/lib_esp32h2/esp32h2-bt-lib",
                "version": "f502278"
            },
            {
                "name": "components/bt/host/nimble/nimble",
                "version": "9fd023d4"
            },
            {
                "name": "components/cmock/CMock",
                "version": "v2.5.2-2-geeecc49"
            },
            {
                "name": "components/esp_phy/lib",
                "version": "b3e4adb"
            },
            {
                "name": "components/esp_wifi/lib",
                "version": "8f3aeb20"
            },
            {
                "name": "components/heap/tlsf",
                "version": "8c9cd05"
            },
            {
                "name": "components/ieee802154/lib",
                "version": "2b52a26"
            },
            {
                "name": "components/json/cJSON",
                "version": "v1.7.15"
            },
            {
                "name": "components/lwip/lwip",
                "version": "d5e56d06"
            },
            {
                "name": "components/mbedtls/mbedtls",
                "version": "mbedtls-3.3.0-4-ge39975969"
            },
            {
                "name": "components/mqtt/esp-mqtt",
                "version": "ESP-MQTT_FOR_IDF_4.x-36-gae53d79"
            },
            {
                "name": "components/openthread/lib",
                "version": "698e838"
            },
            {
                "name": "components/openthread/openthread",
                "version": "thread-reference-20200818-2007-ge64ba13fa"
            },
            {
                "name": "components/protobuf-c/protobuf-c",
                "version": "v1.4.0"
            },
            {
                "name": "components/spiffs/spiffs",
                "version": "0.3.7-39-g0dbb3f7"
            },
            {
                "name": "components/unity/unity",
                "version": "v2.4.3-51-g7d2bf62"
            }
        ]
    },
    "project": {
        "name": "humiture_project",
        "version": "1.0"
    },
    "toolchain": "riscv32-esp-elf-gcc (crosstool-NG esp-2022r1) 11.2.0\r"
}